{
  "robotName": "0",
  "highId": 0,
  "lowId": 0,
  "w": 1.5,
  "mapDimX": 100,
  "mapDimY": 100,
  "moveUnitCost": 1.0,
  "rotateUnitCost": 1.0,
  "goalStopTimeNum": 5,
  "startCell": "84,64",
  "goalCell": "87,70",
  "startIndex": 6484,
  "goalIndex": 7087,
  "expandedList": [
    "0|0:0|6484|84,64|g=0.0|f=9.0|f2=0.0",
    "1|1:2|6584|84,65|g=2.0|f=10.0|f2=0.0",
    "2|3:3|6684|84,66|g=3.0|f=10.0|f2=0.0",
    "3|4:4|6784|84,67|g=4.0|f=10.0|f2=0.0",
    "4|5:5|6884|84,68|g=5.0|f=10.0|f2=0.0",
    "5|6:6|6984|84,69|g=6.0|f=10.0|f2=0.0",
    "6|6:7|6885|85,68|g=7.0|f=11.0|f2=0.0",
    "7|8:8|6886|86,68|g=8.0|f=11.0|f2=0.0",
    "8|5:6|6785|85,67|g=6.0|f=11.0|f2=0.0",
    "9|9:10|6786|86,67|g=7.0|f=11.0|f2=0.0",
    "10|3:4|6585|85,65|g=4.0|f=11.0|f2=0.0",
    "11|5:5|6586|86,65|g=5.0|f=11.0|f2=0.0",
    "12|9:10|6986|86,69|g=10.0|f=12.0|f2=0.0",
    "13|11:11|7086|86,70|g=11.0|f=12.0|f2=0.0",
    "14|11:11|6686|86,66|g=7.0|f=12.0|f2=0.0",
    "15|12:13|7087|87,70|g=13.0|f=13.0|f2=0.0"
  ],
  "openSize": [
    1,
    1,
    3,
    3,
    5,
    6,
    6,
    6,
    7,
    6,
    6,
    6,
    6,
    8,
    10,
    10
  ],
  "focalSize": [
    0,
    0,
    2,
    2,
    4,
    5,
    5,
    5,
    6,
    5,
    5,
    5,
    5,
    7,
    9,
    9
  ],
  "warnings": [],
  "ok": true,
  "errMsg": "",
  "path": null,
  "startedOn": 1745567408.2010326,
  "endedOn": 1745567408.2649589,
  "timeCost": 0.06392621994018555,
  "expandedCount": 16
}